customer_id,city,employment_type,age,monthly_income,loan_amount,credit_score,country,loan_approved
CUST-00000,City_7,Self-Employed,21.0,4037.1,23962.25,,Morocco,0
CUST-00001,City_65,Salaried,42.0,4347.9,42114.31,,Morocco,0
CUST-00002,City_55,Salaried,,12643.56,20665.63,740.0,Morocco,1
CUST-00003,City_37,Salaried,32.0,11004.35,61842.54,619.0,Morocco,1
CUST-00004,City_36,Unemployed,25.0,5470.63,26644.93,,Morocco,0
CUST-00005,City_72,Salaried,21.0,5591.04,101191.38,,Morocco,1
CUST-00006,City_7,Salaried,19.0,3626.99,35972.31,,Morocco,0
CUST-00007,City_59,Self-Employed,43.0,1729.67,46440.35,,Morocco,0
CUST-00008,City_17,Salaried,23.0,6207.8,19093.18,,Morocco,1
CUST-00009,City_8,Salaried,67.0,4005.37,79121.84,777.0,Morocco,1
CUST-00010,City_44,Salaried,31.0,6287.87,67390.01,622.0,Morocco,0
CUST-00011,City_82,Salaried,52.0,,50938.32,,Morocco,1
CUST-00012,City_62,Salaried,53.0,4595.06,18063.95,690.0,Morocco,1
CUST-00013,City_64,Salaried,44.0,6871.57,49213.34,594.0,Morocco,0
CUST-00014,City_60,Salaried,64.0,7415.52,22571.38,,Morocco,1
CUST-00015,City_66,Salaried,,7543.68,74247.11,,Morocco,1
CUST-00016,City_43,Salaried,30.0,3198.78,61183.89,628.0,Morocco,1
CUST-00017,City_10,Self-Employed,31.0,8636.71,46908.78,,Morocco,0
CUST-00018,City_71,Salaried,25.0,4499.47,1000.0,527.0,Morocco,1
CUST-00019,City_38,Student,34.0,8082.14,25331.68,,Morocco,1
CUST-00020,City_42,Student,34.0,6473.4,58755.22,,Morocco,1
CUST-00021,City_31,Salaried,58.0,3059.03,69257.67,601.0,Morocco,1
CUST-00022,City_15,Salaried,34.0,5709.51,67183.4,,Morocco,1
CUST-00023,City_78,Salaried,,7413.41,13159.74,,Morocco,1
CUST-00024,City_66,Unemployed,,8032.41,51031.05,,Morocco,1
CUST-00025,City_54,Self-Employed,64.0,6147.53,65310.3,,Morocco,1
CUST-00026,City_34,Unemployed,24.0,10329.45,11833.29,,Morocco,0
CUST-00027,City_69,Salaried,69.0,9018.78,44841.91,,Morocco,1
CUST-00028,City_46,Self-Employed,50.0,5858.36,50476.85,,Morocco,1
CUST-00029,City_37,Salaried,69.0,8375.3,38984.71,,Morocco,0
CUST-00030,City_38,Self-Employed,37.0,11334.48,7956.76,,Morocco,0
CUST-00031,City_19,Salaried,67.0,11401.21,38486.04,557.0,Morocco,1
CUST-00032,City_7,Self-Employed,49.0,3430.0,38453.89,,Morocco,1
CUST-00033,City_47,Unemployed,22.0,4183.67,42038.55,,Morocco,0
CUST-00034,City_75,Salaried,39.0,10212.3,33730.57,,Morocco,1
CUST-00035,City_5,Self-Employed,26.0,3854.3,36139.76,,Morocco,1
CUST-00036,City_72,Salaried,67.0,3193.65,44205.87,614.0,Morocco,1
CUST-00037,City_70,Self-Employed,34.0,5284.51,53849.09,,Morocco,1
CUST-00038,City_23,Salaried,30.0,7550.57,38911.46,,Morocco,1
CUST-00039,City_53,Student,47.0,6244.01,36807.02,594.0,Morocco,0
CUST-00040,City_14,Salaried,40.0,4873.59,46847.08,581.0,Morocco,1
CUST-00041,City_64,Student,23.0,4814.47,6581.68,518.0,Morocco,0
CUST-00042,City_59,Unemployed,60.0,4719.16,54540.7,673.0,Morocco,0
CUST-00043,City_30,Self-Employed,,4301.23,44988.74,622.0,Morocco,0
CUST-00044,City_5,Self-Employed,56.0,12204.08,45793.87,,Morocco,1
CUST-00045,City_82,Self-Employed,50.0,7243.78,64214.69,,Morocco,1
CUST-00046,City_37,Student,39.0,8716.9,5943.69,,Morocco,1
CUST-00047,City_75,Salaried,46.0,5277.31,5523.32,,Morocco,1
CUST-00048,City_57,Self-Employed,,6035.11,50476.08,,Morocco,0
CUST-00049,City_66,Salaried,27.0,4716.12,44857.66,,Morocco,1
CUST-00050,City_64,Self-Employed,23.0,800.0,48403.54,739.0,Morocco,0
CUST-00051,City_16,Salaried,31.0,3054.98,35757.46,759.0,Morocco,0
CUST-00052,City_30,Self-Employed,42.0,1973.45,58287.07,590.0,Morocco,1
CUST-00053,City_39,Self-Employed,27.0,875.54,63652.78,,Morocco,1
CUST-00054,City_42,Salaried,24.0,3511.6,54679.65,,Morocco,1
CUST-00055,City_3,Salaried,62.0,9812.39,39783.43,,Morocco,0
CUST-00056,City_46,Self-Employed,38.0,6388.91,2846.21,,Morocco,0
CUST-00057,City_13,Self-Employed,48.0,9726.41,60384.72,628.0,Morocco,1
CUST-00058,City_63,Salaried,45.0,7527.46,69434.57,774.0,Morocco,1
CUST-00059,City_58,Self-Employed,,8456.4,57891.17,615.0,Morocco,0
CUST-00060,City_78,Student,,4247.76,27407.15,658.0,Morocco,1
CUST-00061,City_63,Salaried,34.0,7809.88,58475.89,741.0,Morocco,1
CUST-00062,City_31,Salaried,62.0,8321.79,62210.59,,Morocco,0
CUST-00063,City_82,Salaried,37.0,5058.38,76176.32,,Morocco,1
CUST-00064,City_34,Self-Employed,61.0,7898.85,27477.8,,Morocco,1
CUST-00065,City_27,Salaried,39.0,7915.47,40470.91,,Morocco,1
CUST-00066,City_76,Self-Employed,24.0,5126.12,59945.44,,Morocco,1
CUST-00067,City_31,Self-Employed,57.0,3693.08,46148.2,,Morocco,0
CUST-00068,City_6,Salaried,20.0,3539.68,22653.45,569.0,Morocco,0
CUST-00069,City_39,Unemployed,58.0,6716.26,53292.33,,Morocco,1
CUST-00070,City_67,Self-Employed,21.0,7317.52,56573.23,631.0,Morocco,1
CUST-00071,City_16,Salaried,29.0,4518.69,46759.26,573.0,Morocco,0
CUST-00072,City_39,Salaried,,6566.46,49391.7,,Morocco,1
CUST-00073,City_11,Salaried,67.0,7926.34,39825.88,672.0,Morocco,1
CUST-00074,City_58,Salaried,39.0,8045.48,74565.58,,Morocco,1
CUST-00075,City_40,Salaried,25.0,10379.7,26986.16,,Morocco,1
CUST-00076,City_28,Student,30.0,9692.45,33253.58,,Morocco,1
CUST-00077,City_19,Salaried,64.0,3996.77,45219.71,696.0,Morocco,0
CUST-00078,City_47,Salaried,56.0,10708.97,62579.08,,Morocco,0
CUST-00079,City_56,Self-Employed,24.0,5172.56,15052.54,,Morocco,0
CUST-00080,City_79,Self-Employed,38.0,9112.18,18794.07,716.0,Morocco,0
CUST-00081,City_37,Student,32.0,6669.97,4245.43,858.0,Morocco,0
CUST-00082,City_13,Self-Employed,,5469.63,45653.9,,Morocco,0
CUST-00083,City_70,Salaried,62.0,1980.76,22633.88,,Morocco,0
CUST-00084,City_53,Salaried,50.0,6071.09,37309.0,,Morocco,1
CUST-00085,City_59,Student,28.0,2601.54,58227.56,716.0,Morocco,0
CUST-00086,City_8,Self-Employed,52.0,8918.25,32169.15,,Morocco,0
CUST-00087,City_26,Student,40.0,10291.98,49625.64,,Morocco,1
CUST-00088,City_65,Salaried,22.0,4507.72,39013.24,,Morocco,0
CUST-00089,City_70,Unemployed,41.0,7254.93,58442.29,,Morocco,1
CUST-00090,City_36,Self-Employed,28.0,4686.52,54502.56,,Morocco,0
CUST-00091,City_68,Salaried,,4928.79,31161.33,,Morocco,0
CUST-00092,City_71,Self-Employed,63.0,8436.24,41626.96,,Morocco,0
CUST-00093,City_32,Self-Employed,55.0,6403.65,65874.87,,Morocco,0
CUST-00094,City_76,Salaried,,,52867.54,,Morocco,0
CUST-00095,City_24,Salaried,62.0,5294.42,17060.76,,Morocco,1
CUST-00096,City_20,Unemployed,48.0,8998.34,58112.36,549.0,Morocco,0
CUST-00097,City_58,Salaried,63.0,6743.53,23307.79,545.0,Morocco,0
CUST-00098,City_54,Salaried,57.0,8489.45,73250.26,,Morocco,0
CUST-00099,City_11,Salaried,36.0,5382.11,65481.98,555.0,Morocco,0
CUST-00100,City_70,Salaried,,6376.1,50797.71,,Morocco,1
CUST-00101,City_16,Student,46.0,6211.25,48144.66,,Morocco,1
CUST-00102,City_68,Self-Employed,55.0,4409.86,40819.35,615.0,Morocco,1
CUST-00103,City_0,Salaried,,8155.2,58570.48,756.0,Morocco,0
CUST-00104,City_67,Student,,8125.62,37584.44,703.0,Morocco,1
CUST-00105,City_66,Unemployed,,7983.89,49711.4,,Morocco,0
CUST-00106,City_66,Salaried,34.0,10342.41,62438.69,613.0,Morocco,0
CUST-00107,City_56,Unemployed,27.0,10123.36,33763.87,,Morocco,1
CUST-00108,City_40,Salaried,20.0,5562.64,32676.15,,Morocco,1
CUST-00109,City_59,Student,66.0,7432.63,21112.69,,Morocco,1
CUST-00110,City_23,Self-Employed,22.0,4941.0,23710.55,577.0,Morocco,0
CUST-00111,City_66,Self-Employed,64.0,6558.39,8432.09,,Morocco,1
CUST-00112,City_47,Salaried,19.0,5000.63,59596.58,487.0,Morocco,1
CUST-00113,City_39,Unemployed,58.0,10550.18,81178.29,,Morocco,0
CUST-00114,City_42,Salaried,35.0,7409.25,73506.58,711.0,Morocco,1
CUST-00115,City_48,Salaried,45.0,5954.93,12478.31,628.0,Morocco,0
CUST-00116,City_3,Salaried,33.0,9484.05,59497.09,795.0,Morocco,1
CUST-00117,City_11,Self-Employed,44.0,1073.46,73442.13,,Morocco,1
CUST-00118,City_20,Salaried,42.0,,35863.8,,Morocco,1
CUST-00119,City_9,Student,,8489.6,47028.95,,Morocco,1
CUST-00120,City_37,Self-Employed,39.0,6651.17,4842.14,,Morocco,1
CUST-00121,City_56,Salaried,,,50334.72,,Morocco,0
CUST-00122,City_55,Salaried,61.0,3184.01,23728.81,,Morocco,0
CUST-00123,City_40,Salaried,41.0,6441.92,48992.7,,Morocco,1
CUST-00124,City_72,Self-Employed,37.0,,13775.94,,Morocco,1
CUST-00125,City_48,Unemployed,25.0,8560.5,55857.16,,Morocco,1
CUST-00126,City_6,Salaried,37.0,6924.27,65490.25,715.0,Morocco,0
CUST-00127,City_65,Unemployed,25.0,5402.37,29336.4,,Morocco,1
CUST-00128,City_48,Salaried,28.0,5513.57,22261.55,711.0,Morocco,0
CUST-00129,City_53,Unemployed,67.0,1177.01,1879.54,589.0,Morocco,0
CUST-00130,City_48,Student,23.0,7144.1,39671.73,,Morocco,1
CUST-00131,City_47,Self-Employed,43.0,8613.71,33368.12,827.0,Morocco,1
CUST-00132,City_7,Self-Employed,61.0,2560.95,13979.61,,Morocco,1
CUST-00133,City_47,Unemployed,67.0,4846.46,54060.38,475.0,Morocco,0
CUST-00134,City_67,Salaried,26.0,3606.34,36000.59,,Morocco,0
CUST-00135,City_25,Salaried,27.0,4086.62,23485.28,,Morocco,1
CUST-00136,City_51,Salaried,38.0,6633.7,33908.55,,Morocco,1
CUST-00137,City_2,Salaried,47.0,1288.99,66426.09,,Morocco,0
CUST-00138,City_29,Self-Employed,67.0,8035.68,57058.74,731.0,Morocco,0
CUST-00139,City_37,Self-Employed,29.0,8384.64,42399.48,689.0,Morocco,0
CUST-00140,City_83,Unemployed,27.0,5872.24,57382.1,747.0,Morocco,0
CUST-00141,City_18,Salaried,31.0,800.0,21781.76,724.0,Morocco,0
CUST-00142,City_23,Self-Employed,63.0,4008.95,45647.4,772.0,Morocco,0
CUST-00143,City_34,Salaried,20.0,,47946.45,,Morocco,1
CUST-00144,City_84,Salaried,38.0,800.0,35603.27,722.0,Morocco,0
CUST-00145,City_72,Self-Employed,25.0,5631.19,53709.17,,Morocco,1
CUST-00146,City_2,Student,27.0,3550.0,29391.33,,Morocco,0
CUST-00147,City_19,Self-Employed,,8511.43,55196.41,,Morocco,0
CUST-00148,City_69,Salaried,19.0,4812.22,56037.18,667.0,Morocco,1
CUST-00149,City_4,Self-Employed,35.0,7509.89,1000.0,,Morocco,0
CUST-00150,City_72,Salaried,65.0,7913.65,68806.11,,Morocco,0
CUST-00151,City_23,Unemployed,50.0,11090.56,1000.0,,Morocco,1
CUST-00152,City_78,Self-Employed,22.0,5992.65,32679.02,,Morocco,1
CUST-00153,City_24,Salaried,42.0,7440.11,65506.96,,Morocco,0
CUST-00154,City_36,Salaried,68.0,2787.36,38654.27,694.0,Morocco,0
CUST-00155,City_56,Salaried,39.0,9476.03,15676.28,513.0,Morocco,1
CUST-00156,City_10,Student,45.0,4598.73,23125.26,,Morocco,0
CUST-00157,City_47,Salaried,46.0,,65538.11,,Morocco,1
CUST-00158,City_42,Self-Employed,52.0,6444.38,6569.91,,Morocco,1
CUST-00159,City_66,Self-Employed,28.0,2592.79,67579.82,,Morocco,0
CUST-00160,City_84,Self-Employed,61.0,7071.93,43897.96,,Morocco,1
CUST-00161,City_56,Salaried,69.0,8918.67,21152.09,705.0,Morocco,1
CUST-00162,City_34,Student,26.0,7232.33,33337.7,,Morocco,1
CUST-00163,City_34,Salaried,60.0,2527.76,24655.51,,Morocco,0
CUST-00164,City_35,Self-Employed,60.0,6190.48,62324.5,,Morocco,0
CUST-00165,City_69,Self-Employed,56.0,8355.07,59648.56,,Morocco,0
CUST-00166,City_27,Self-Employed,37.0,1805.03,10616.78,,Morocco,0
CUST-00167,City_14,Student,42.0,3813.08,36928.16,693.0,Morocco,0
CUST-00168,City_28,Salaried,61.0,8691.36,27736.29,670.0,Morocco,1
CUST-00169,City_1,Salaried,26.0,7175.24,70870.2,662.0,Morocco,1
CUST-00170,City_9,Salaried,,7529.93,17998.02,636.0,Morocco,1
CUST-00171,City_7,Salaried,65.0,11148.74,77084.58,,Morocco,1
CUST-00172,City_65,Salaried,53.0,7671.38,44334.11,581.0,Morocco,1
CUST-00173,City_61,Salaried,36.0,8144.72,21761.31,,Morocco,1
CUST-00174,City_59,Salaried,47.0,13276.86,31454.52,,Morocco,1
CUST-00175,City_39,Salaried,21.0,5965.49,28967.62,,Morocco,1
CUST-00176,City_60,Salaried,66.0,4505.29,19507.63,,Morocco,0
CUST-00177,City_13,Self-Employed,36.0,7569.49,46896.54,,Morocco,0
CUST-00178,City_76,Self-Employed,21.0,7597.48,20441.69,,Morocco,1
CUST-00179,City_42,Salaried,,5183.21,1392.68,713.0,Morocco,1
CUST-00180,City_79,Salaried,52.0,3919.01,37406.47,646.0,Morocco,0
CUST-00181,City_12,Salaried,50.0,12274.61,8942.88,,Morocco,1
CUST-00182,City_42,Self-Employed,21.0,,29956.78,,Morocco,1
CUST-00183,City_59,Salaried,57.0,,26817.94,812.0,Morocco,1
CUST-00184,City_42,Salaried,51.0,8789.83,27575.68,,Morocco,1
CUST-00185,City_37,Salaried,,,85019.26,,Morocco,1
CUST-00186,City_14,Salaried,,5867.8,46128.23,,Morocco,1
CUST-00187,City_32,Salaried,29.0,7905.68,49907.42,,Morocco,0
CUST-00188,City_20,Self-Employed,29.0,3270.29,9472.03,,Morocco,0
CUST-00189,City_25,Self-Employed,66.0,7381.57,31920.74,483.0,Morocco,0
CUST-00190,City_58,Self-Employed,46.0,11282.39,49306.05,681.0,Morocco,1
CUST-00191,City_53,Self-Employed,41.0,7665.44,24509.42,620.0,Morocco,1
CUST-00192,City_51,Self-Employed,33.0,5559.47,63161.26,,Morocco,0
CUST-00193,City_30,Salaried,51.0,5232.24,20946.07,717.0,Morocco,1
CUST-00194,City_81,Self-Employed,57.0,5474.15,39272.68,765.0,Morocco,1
CUST-00195,City_7,Salaried,19.0,5865.09,33278.97,,Morocco,1
CUST-00196,City_29,Salaried,47.0,5555.48,48286.41,,Morocco,0
CUST-00197,City_10,Self-Employed,,8790.78,32190.2,,Morocco,0
CUST-00198,City_28,Salaried,33.0,2166.98,39582.13,,Morocco,0
CUST-00199,City_81,Salaried,33.0,8655.0,40277.4,,Morocco,1
CUST-00200,City_31,Self-Employed,63.0,5550.78,30312.24,,Morocco,1
CUST-00201,City_77,Unemployed,22.0,7442.37,54701.88,,Morocco,1
CUST-00202,City_42,Student,39.0,3682.53,49767.77,,Morocco,0
CUST-00203,City_59,Salaried,42.0,9821.58,43227.72,,Morocco,1
CUST-00204,City_38,Salaried,59.0,9614.09,36390.83,505.0,Morocco,1
CUST-00205,City_22,Self-Employed,25.0,8898.98,60930.88,,Morocco,1
CUST-00206,City_64,Salaried,41.0,2713.11,40283.32,,Morocco,0
CUST-00207,City_82,Unemployed,26.0,8572.8,38866.05,,Morocco,1
CUST-00208,City_22,Salaried,,7512.14,47093.8,768.0,Morocco,1
CUST-00209,City_66,Salaried,51.0,2486.82,78931.73,,Morocco,0
CUST-00210,City_22,Salaried,44.0,6439.26,18192.88,644.0,Morocco,1
CUST-00211,City_60,Unemployed,39.0,7411.34,60397.14,,Morocco,0
CUST-00212,City_67,Salaried,26.0,,7136.58,,Morocco,0
CUST-00213,City_38,Salaried,66.0,6943.15,49345.46,,Morocco,1
CUST-00214,City_62,Salaried,52.0,7228.08,76501.66,,Morocco,1
CUST-00215,City_23,Salaried,35.0,10184.03,54773.37,760.0,Morocco,1
CUST-00216,City_6,Salaried,40.0,9565.08,48412.5,571.0,Morocco,1
CUST-00217,City_8,Self-Employed,,800.0,33791.01,,Morocco,0
CUST-00218,City_37,Salaried,55.0,5706.4,45620.94,643.0,Morocco,1
CUST-00219,City_76,Unemployed,42.0,6088.37,39958.74,,Morocco,1
CUST-00220,City_10,Unemployed,34.0,2119.75,29280.47,,Morocco,0
CUST-00221,City_38,Salaried,52.0,6735.46,39202.49,,Morocco,1
CUST-00222,City_59,Salaried,52.0,9621.89,48967.62,,Morocco,1
CUST-00223,City_17,Self-Employed,49.0,3783.58,29655.66,763.0,Morocco,1
CUST-00224,City_61,Salaried,22.0,7341.0,28874.36,,Morocco,0
CUST-00225,City_26,Salaried,43.0,4210.44,17795.13,,Morocco,0
CUST-00226,City_68,Student,,4820.22,52814.5,,Morocco,0
CUST-00227,City_49,Student,67.0,10193.48,55906.47,,Morocco,1
CUST-00228,City_46,Self-Employed,45.0,5143.61,49633.21,,Morocco,1
CUST-00229,City_15,Salaried,36.0,7655.53,64303.41,707.0,Morocco,1
CUST-00230,City_39,Self-Employed,47.0,1821.95,46757.35,,Morocco,0
CUST-00231,City_72,Self-Employed,28.0,11155.79,52840.22,,Morocco,1
CUST-00232,City_1,Salaried,23.0,8006.63,51076.75,,Morocco,0
CUST-00233,City_64,Self-Employed,53.0,6043.75,43169.2,,Morocco,1
CUST-00234,City_41,Salaried,69.0,7938.87,34383.56,,Morocco,1
CUST-00235,City_61,Salaried,62.0,2975.45,89283.05,733.0,Morocco,1
CUST-00236,City_56,Salaried,48.0,,35960.98,606.0,Morocco,1
CUST-00237,City_36,Salaried,21.0,5690.04,31682.45,,Morocco,1
CUST-00238,City_26,Salaried,69.0,5989.83,53680.2,643.0,Morocco,1
CUST-00239,City_53,Unemployed,41.0,5270.86,50037.09,,Morocco,1
CUST-00240,City_11,Student,33.0,5048.37,16904.17,,Morocco,1
CUST-00241,City_49,Self-Employed,,8236.68,67453.57,578.0,Morocco,1
CUST-00242,City_8,Unemployed,57.0,7139.77,43116.11,571.0,Morocco,0
CUST-00243,City_55,Student,57.0,8129.37,22781.38,634.0,Morocco,1
CUST-00244,City_53,Salaried,33.0,6478.01,68775.68,,Morocco,1
CUST-00245,City_7,Salaried,69.0,7783.0,57513.51,,Morocco,0
CUST-00246,City_64,Salaried,42.0,5452.88,19709.16,,Morocco,1
CUST-00247,City_35,Salaried,46.0,12074.33,80543.66,,Morocco,1
CUST-00248,City_66,Self-Employed,57.0,2580.17,58175.95,602.0,Morocco,0
CUST-00249,City_3,Salaried,52.0,9652.34,44796.08,,Morocco,0
CUST-00250,City_15,Salaried,27.0,9919.77,76804.38,,Morocco,1
CUST-00251,City_41,Salaried,34.0,4369.6,48185.96,,Morocco,0
CUST-00252,City_15,Salaried,37.0,12073.18,44438.34,,Morocco,0
CUST-00253,City_28,Student,67.0,8988.73,31794.0,,Morocco,1
CUST-00254,City_56,Salaried,55.0,8927.85,56637.01,,Morocco,0
CUST-00255,City_12,Salaried,37.0,,54532.06,,Morocco,0
CUST-00256,City_57,Salaried,56.0,5956.93,45293.6,,Morocco,0
CUST-00257,City_8,Salaried,56.0,5976.48,29200.27,,Morocco,1
CUST-00258,City_14,Self-Employed,39.0,7476.33,47598.6,,Morocco,1
CUST-00259,City_49,Salaried,39.0,10002.97,43604.02,667.0,Morocco,1
CUST-00260,City_67,Salaried,64.0,6953.29,18330.51,,Morocco,1
CUST-00261,City_14,Salaried,47.0,4221.39,15563.75,,Morocco,0
CUST-00262,City_25,Unemployed,26.0,8561.07,56303.07,,Morocco,0
CUST-00263,City_78,Self-Employed,55.0,8802.88,1000.0,767.0,Morocco,0
CUST-00264,City_84,Self-Employed,49.0,8136.65,49108.21,585.0,Morocco,1
CUST-00265,City_49,Self-Employed,44.0,8363.75,35438.34,,Morocco,1
CUST-00266,City_37,Self-Employed,55.0,5822.68,71164.93,,Morocco,1
CUST-00267,City_29,Salaried,65.0,4177.53,35130.64,,Morocco,1
CUST-00268,City_52,Salaried,,4329.52,58189.68,646.0,Morocco,1
CUST-00269,City_50,Salaried,40.0,2411.34,37061.72,,Morocco,0
CUST-00270,City_25,Salaried,28.0,7092.37,47274.96,,Morocco,1
CUST-00271,City_1,Unemployed,52.0,,59736.73,747.0,Morocco,1
CUST-00272,City_12,Salaried,39.0,5400.03,35748.89,624.0,Morocco,1
CUST-00273,City_81,Self-Employed,36.0,800.0,64931.1,,Morocco,0
CUST-00274,City_35,Unemployed,54.0,3381.71,25126.04,,Morocco,0
CUST-00275,City_40,Salaried,39.0,9302.1,50891.86,,Morocco,0
CUST-00276,City_39,Student,42.0,4838.43,63452.79,,Morocco,0
CUST-00277,City_66,Self-Employed,41.0,7401.48,58200.75,,Morocco,0
CUST-00278,City_5,Unemployed,32.0,,83328.9,572.0,Morocco,0
CUST-00279,City_7,Salaried,25.0,10096.76,29731.21,573.0,Morocco,1
CUST-00280,City_23,Salaried,61.0,6139.93,17417.01,,Morocco,0
CUST-00281,City_41,Salaried,23.0,7225.1,25113.3,,Morocco,1
CUST-00282,City_57,Salaried,35.0,12314.45,58208.85,,Morocco,1
CUST-00283,City_41,Salaried,53.0,10291.1,54958.46,,Morocco,1
CUST-00284,City_37,Student,25.0,5733.59,47045.13,673.0,Morocco,1
CUST-00285,City_79,Self-Employed,52.0,5016.95,22540.86,,Morocco,1
CUST-00286,City_13,Salaried,56.0,5686.14,60337.35,,Morocco,1
CUST-00287,City_48,Salaried,52.0,7774.75,20505.9,,Morocco,1
CUST-00288,City_46,Salaried,34.0,6236.94,68178.99,,Morocco,1
CUST-00289,City_40,Salaried,20.0,,102148.77,,Morocco,0
CUST-00290,City_68,Student,64.0,,52329.02,648.0,Morocco,1
CUST-00291,City_22,Salaried,35.0,6214.48,56662.16,603.0,Morocco,0
CUST-00292,City_81,Salaried,60.0,12248.97,35142.8,,Morocco,1
CUST-00293,City_28,Self-Employed,29.0,6726.86,8795.73,574.0,Morocco,1
CUST-00294,City_46,Salaried,27.0,10963.3,32945.61,,Morocco,1
CUST-00295,City_44,Salaried,58.0,7393.3,23142.1,686.0,Morocco,0
CUST-00296,City_72,Self-Employed,66.0,8907.4,16059.91,,Morocco,1
CUST-00297,City_37,Self-Employed,62.0,4688.47,79447.2,,Morocco,0
CUST-00298,City_24,Student,57.0,4365.6,50457.25,622.0,Morocco,0
CUST-00299,City_1,Self-Employed,31.0,7649.26,52593.75,,Morocco,1
CUST-00300,City_30,Salaried,65.0,8971.38,38819.55,,Morocco,1
CUST-00301,City_70,Self-Employed,53.0,6600.64,41542.58,,Morocco,1
CUST-00302,City_0,Student,27.0,3284.02,64291.01,,Morocco,0
CUST-00303,City_76,Self-Employed,25.0,3099.35,44353.26,,Morocco,0
CUST-00304,City_46,Student,63.0,2932.16,55613.88,,Morocco,0
CUST-00305,City_11,Self-Employed,33.0,2080.94,41079.91,598.0,Morocco,0
CUST-00306,City_25,Unemployed,58.0,6773.71,38156.94,,Morocco,1
CUST-00307,City_47,Salaried,26.0,,16861.72,,Morocco,1
CUST-00308,City_26,Self-Employed,,,5445.02,,Morocco,1
CUST-00309,City_9,Salaried,,848.96,39768.76,689.0,Morocco,1
CUST-00310,City_56,Self-Employed,33.0,6023.1,46129.93,,Morocco,1
CUST-00311,City_57,Self-Employed,53.0,6093.0,19277.4,,Morocco,0
CUST-00312,City_10,Student,65.0,11740.0,44310.5,,Morocco,1
CUST-00313,City_23,Student,65.0,2857.16,46075.05,691.0,Morocco,0
CUST-00314,City_20,Salaried,56.0,5523.31,1879.84,508.0,Morocco,1
CUST-00315,City_56,Self-Employed,29.0,10764.63,26697.51,,Morocco,1
CUST-00316,City_62,Self-Employed,67.0,7624.95,53145.28,749.0,Morocco,0
CUST-00317,City_61,Salaried,46.0,7908.28,52741.17,,Morocco,1
CUST-00318,City_79,Salaried,,6786.46,21926.5,,Morocco,1
CUST-00319,City_65,Salaried,54.0,7324.86,48168.96,,Morocco,0
CUST-00320,City_27,Self-Employed,,8444.02,65448.14,,Morocco,0
CUST-00321,City_9,Salaried,67.0,4476.28,60541.46,,Morocco,0
CUST-00322,City_52,Student,48.0,8695.15,43094.28,,Morocco,1
CUST-00323,City_77,Salaried,50.0,3067.49,35640.47,,Morocco,0
CUST-00324,City_82,Student,57.0,7320.92,32413.11,,Morocco,0
CUST-00325,City_19,Salaried,32.0,6946.85,54356.4,,Morocco,0
CUST-00326,City_20,Self-Employed,,,48902.08,548.0,Morocco,1
CUST-00327,City_3,Salaried,50.0,6443.29,57588.08,567.0,Morocco,1
CUST-00328,City_12,Self-Employed,22.0,,47637.48,,Morocco,0
CUST-00329,City_47,Unemployed,35.0,3820.75,61375.28,,Morocco,1
CUST-00330,City_46,Student,55.0,,46891.85,,Morocco,0
CUST-00331,City_31,Unemployed,68.0,3740.03,60693.77,,Morocco,0
CUST-00332,City_26,Salaried,45.0,7306.99,62416.46,,Morocco,1
CUST-00333,City_70,Salaried,39.0,3624.79,28909.47,,Morocco,1
CUST-00334,City_39,Salaried,41.0,8279.94,8837.12,681.0,Morocco,1
CUST-00335,City_68,Salaried,,,75869.86,,Morocco,1
CUST-00336,City_81,Self-Employed,46.0,5084.26,50133.17,,Morocco,1
CUST-00337,City_26,Self-Employed,20.0,,10710.28,,Morocco,1
CUST-00338,City_17,Self-Employed,46.0,9812.87,30723.61,717.0,Morocco,0
CUST-00339,City_80,Unemployed,39.0,,60437.49,,Morocco,1
CUST-00340,City_53,Self-Employed,54.0,5970.67,39406.46,667.0,Morocco,1
CUST-00341,City_24,Unemployed,63.0,7746.8,34758.77,,Morocco,1
CUST-00342,City_52,Salaried,68.0,1232.02,73017.64,,Morocco,1
CUST-00343,City_43,Salaried,50.0,6392.17,24054.26,,Morocco,1
CUST-00344,City_76,Self-Employed,37.0,11493.79,29036.93,,Morocco,1
CUST-00345,City_21,Unemployed,,6830.87,49227.73,641.0,Morocco,1
CUST-00346,City_84,Salaried,27.0,6669.78,52809.1,,Morocco,1
CUST-00347,City_79,Salaried,,7870.32,54926.86,707.0,Morocco,1
CUST-00348,City_15,Self-Employed,62.0,8739.01,63224.76,,Morocco,1
CUST-00349,City_13,Salaried,62.0,1506.33,48971.57,559.0,Morocco,0
CUST-00350,City_45,Salaried,35.0,2294.18,54787.68,639.0,Morocco,0
CUST-00351,City_3,Unemployed,35.0,7025.73,39815.81,,Morocco,1
CUST-00352,City_25,Self-Employed,62.0,4712.81,46253.97,,Morocco,0
CUST-00353,City_36,Salaried,46.0,9780.06,47150.68,663.0,Morocco,1
CUST-00354,City_82,Unemployed,54.0,5712.06,49301.96,,Morocco,1
CUST-00355,City_84,Salaried,43.0,1663.67,60450.8,563.0,Morocco,0
CUST-00356,City_12,Unemployed,41.0,3329.97,56102.91,,Morocco,0
CUST-00357,City_75,Salaried,51.0,800.0,45884.34,,Morocco,0
CUST-00358,City_7,Self-Employed,60.0,,28817.48,,Morocco,0
CUST-00359,City_63,Salaried,36.0,,46353.43,664.0,Morocco,1
CUST-00360,City_71,Salaried,60.0,5438.84,44439.64,603.0,Morocco,1
CUST-00361,City_75,Unemployed,31.0,,48863.63,,Morocco,1
CUST-00362,City_18,Salaried,39.0,,89130.51,578.0,Morocco,1
CUST-00363,City_75,Salaried,65.0,6074.03,34524.54,636.0,Morocco,1
CUST-00364,City_9,Salaried,67.0,1163.27,53445.78,,Morocco,1
CUST-00365,City_44,Self-Employed,66.0,8043.2,66369.24,,Morocco,1
CUST-00366,City_39,Unemployed,35.0,7888.4,46960.04,556.0,Morocco,1
CUST-00367,City_26,Student,62.0,7273.48,91756.9,,Morocco,1
CUST-00368,City_1,Salaried,66.0,8953.7,37439.21,,Morocco,1
CUST-00369,City_65,Salaried,68.0,3587.93,51481.78,613.0,Morocco,1
CUST-00370,City_28,Salaried,20.0,,29023.89,,Morocco,0
CUST-00371,City_56,Self-Employed,56.0,4101.43,37969.51,618.0,Morocco,1
CUST-00372,City_34,Student,69.0,8373.06,49978.68,574.0,Morocco,1
CUST-00373,City_31,Self-Employed,57.0,2281.63,61926.08,631.0,Morocco,1
CUST-00374,City_75,Self-Employed,30.0,4174.34,51381.9,,Morocco,0
CUST-00375,City_8,Salaried,57.0,10290.92,70182.3,,Morocco,1
CUST-00376,City_62,Student,24.0,5847.75,43100.69,,Morocco,1
CUST-00377,City_63,Salaried,43.0,8599.81,38356.63,,Morocco,1
CUST-00378,City_32,Salaried,50.0,7092.39,99079.7,583.0,Morocco,1
CUST-00379,City_22,Salaried,42.0,6237.6,52884.75,,Morocco,1
CUST-00380,City_0,Salaried,54.0,,30610.37,,Morocco,0
CUST-00381,City_79,Salaried,31.0,5908.35,31114.72,,Morocco,1
CUST-00382,City_80,Salaried,49.0,2048.15,26146.4,,Morocco,0
CUST-00383,City_20,Salaried,51.0,4491.9,63731.39,,Morocco,0
CUST-00384,City_2,Self-Employed,51.0,7877.98,37712.45,,Morocco,1
CUST-00385,City_10,Salaried,33.0,7488.77,47547.25,710.0,Morocco,1
CUST-00386,City_5,Salaried,34.0,2582.35,43729.83,,Morocco,1
CUST-00387,City_70,Student,32.0,4689.14,59629.85,619.0,Morocco,0
CUST-00388,City_75,Self-Employed,42.0,5045.7,28065.12,520.0,Morocco,1
CUST-00389,City_13,Salaried,48.0,5586.33,23488.55,,Morocco,1
CUST-00390,City_63,Salaried,37.0,3060.22,49485.95,736.0,Morocco,1
CUST-00391,City_15,Unemployed,39.0,4929.07,57019.19,,Morocco,0
CUST-00392,City_31,Salaried,33.0,4678.47,51650.65,,Morocco,0
CUST-00393,City_50,Salaried,30.0,8428.83,28810.93,,Morocco,0
CUST-00394,City_61,Student,52.0,8522.8,58549.7,,Morocco,0
CUST-00395,City_74,Salaried,60.0,6135.47,30122.78,720.0,Morocco,1
CUST-00396,City_3,Self-Employed,33.0,5519.9,34569.23,594.0,Morocco,1
CUST-00397,City_16,Self-Employed,62.0,6849.81,26120.93,521.0,Morocco,0
CUST-00398,City_23,Self-Employed,48.0,4458.56,71023.17,,Morocco,0
CUST-00399,City_26,Salaried,27.0,3632.92,57668.43,,Morocco,1
CUST-00400,City_84,Salaried,37.0,4149.45,57099.87,607.0,Morocco,0
CUST-00401,City_66,Salaried,19.0,4912.97,69944.23,,Morocco,0
CUST-00402,City_27,Salaried,20.0,3591.32,101252.98,,Morocco,1
CUST-00403,City_82,Unemployed,,6905.15,10815.48,,Morocco,1
CUST-00404,City_42,Salaried,42.0,,30232.47,,Morocco,1
CUST-00405,City_42,Self-Employed,59.0,2532.25,32676.5,,Morocco,0
CUST-00406,City_36,Self-Employed,25.0,6562.82,27983.61,,Morocco,1
CUST-00407,City_12,Self-Employed,61.0,5950.16,23448.34,,Morocco,0
CUST-00408,City_79,Salaried,30.0,7353.77,39006.94,,Morocco,1
CUST-00409,City_1,Salaried,,6467.65,20667.93,,Morocco,0
CUST-00410,City_14,Student,54.0,2866.0,51700.85,,Morocco,1
CUST-00411,City_19,Self-Employed,,3344.03,46033.97,,Morocco,0
CUST-00412,City_23,Unemployed,49.0,6573.56,54620.57,694.0,Morocco,1
CUST-00413,City_11,Student,24.0,9071.95,55154.57,,Morocco,1
CUST-00414,City_1,Self-Employed,24.0,964.53,57060.14,687.0,Morocco,1
CUST-00415,City_57,Salaried,38.0,7364.32,37531.82,569.0,Morocco,1
CUST-00416,City_82,Self-Employed,41.0,9474.06,87422.87,,Morocco,1
CUST-00417,City_10,Salaried,69.0,6117.44,49688.62,597.0,Morocco,1
CUST-00418,City_25,Self-Employed,33.0,,7750.3,690.0,Morocco,0
CUST-00419,City_43,Student,28.0,4742.33,24952.49,,Morocco,0
CUST-00420,City_78,Salaried,67.0,6201.58,10189.94,,Morocco,1
CUST-00421,City_59,Salaried,26.0,2447.72,45346.69,,Morocco,0
CUST-00422,City_65,Salaried,20.0,800.0,42563.9,651.0,Morocco,0
CUST-00423,City_49,Student,40.0,8856.91,35631.49,645.0,Morocco,0
CUST-00424,City_35,Salaried,39.0,4037.51,85218.52,604.0,Morocco,1
CUST-00425,City_16,Salaried,50.0,5361.18,55979.66,614.0,Morocco,0
CUST-00426,City_73,Salaried,63.0,3033.89,59521.97,,Morocco,1
CUST-00427,City_68,Salaried,66.0,2975.08,26378.53,641.0,Morocco,0
CUST-00428,City_2,Salaried,33.0,6065.41,25017.1,,Morocco,0
CUST-00429,City_60,Salaried,69.0,4676.06,45736.11,609.0,Morocco,0
CUST-00430,City_7,Salaried,51.0,7444.93,48460.14,,Morocco,1
CUST-00431,City_62,Salaried,22.0,7631.35,7873.77,,Morocco,1
CUST-00432,City_70,Salaried,66.0,7302.12,41393.86,695.0,Morocco,1
CUST-00433,City_11,Salaried,26.0,7096.5,45281.44,629.0,Morocco,0
CUST-00434,City_36,Salaried,49.0,10444.42,40697.02,,Morocco,1
CUST-00435,City_10,Self-Employed,59.0,3831.02,28732.19,,Morocco,0
CUST-00436,City_48,Salaried,31.0,6362.66,34209.3,,Morocco,0
CUST-00437,City_78,Salaried,32.0,9331.72,41462.82,728.0,Morocco,1
CUST-00438,City_6,Salaried,43.0,9661.35,46816.0,,Morocco,1
CUST-00439,City_33,Salaried,64.0,2945.59,57095.83,,Morocco,0
CUST-00440,City_82,Salaried,,5719.11,66617.12,,Morocco,1
CUST-00441,City_25,Salaried,52.0,9895.3,39113.05,,Morocco,1
CUST-00442,City_11,Unemployed,42.0,7770.2,35876.88,,Morocco,1
CUST-00443,City_41,Salaried,24.0,6988.16,53753.11,,Morocco,1
CUST-00444,City_43,Salaried,55.0,5955.79,57216.9,672.0,Morocco,1
CUST-00445,City_56,Salaried,61.0,5540.5,36315.99,540.0,Morocco,1
CUST-00446,City_26,Salaried,,7220.55,60807.87,599.0,Morocco,1
CUST-00447,City_81,Salaried,27.0,5869.06,64591.71,,Morocco,1
CUST-00448,City_44,Self-Employed,26.0,6393.55,70833.73,,Morocco,1
CUST-00449,City_24,Unemployed,,6696.5,80566.42,607.0,Morocco,1
CUST-00450,City_81,Salaried,44.0,4804.82,27671.68,651.0,Morocco,0
CUST-00451,City_78,Salaried,47.0,7830.32,45277.96,,Morocco,1
CUST-00452,City_42,Salaried,31.0,13785.61,45225.55,533.0,Morocco,1
CUST-00453,City_2,Salaried,44.0,2057.53,43038.53,712.0,Morocco,0
CUST-00454,City_50,Self-Employed,34.0,7310.03,32014.74,710.0,Morocco,1
CUST-00455,City_47,Salaried,53.0,4599.52,15288.76,717.0,Morocco,0
CUST-00456,City_12,Salaried,59.0,7943.51,46853.59,,Morocco,1
CUST-00457,City_53,Student,52.0,,29632.89,,Morocco,1
CUST-00458,City_71,Salaried,19.0,8404.64,46719.87,,Morocco,1
CUST-00459,City_9,Salaried,69.0,9438.77,29119.13,,Morocco,0
CUST-00460,City_61,Self-Employed,20.0,6981.05,23006.83,651.0,Morocco,0
CUST-00461,City_11,Salaried,69.0,9330.13,49685.97,,Morocco,1
CUST-00462,City_63,Salaried,20.0,800.0,48018.43,,Morocco,1
CUST-00463,City_35,Salaried,45.0,10476.13,56585.64,804.0,Morocco,1
CUST-00464,City_0,Student,24.0,7437.66,88717.28,517.0,Morocco,1
CUST-00465,City_82,Salaried,23.0,9194.61,50545.79,850.0,Morocco,1
CUST-00466,City_14,Salaried,53.0,3450.31,54701.64,,Morocco,0
CUST-00467,City_50,Salaried,56.0,4423.08,23448.77,728.0,Morocco,0
CUST-00468,City_15,Salaried,25.0,6864.85,19261.85,,Morocco,1
CUST-00469,City_79,Self-Employed,68.0,,76656.59,,Morocco,0
CUST-00470,City_62,Salaried,35.0,7207.67,26530.4,,Morocco,1
CUST-00471,City_68,Self-Employed,35.0,9211.29,24121.12,,Morocco,1
CUST-00472,City_36,Self-Employed,34.0,2086.95,44218.02,694.0,Morocco,0
CUST-00473,City_39,Unemployed,42.0,8934.55,43196.15,,Morocco,1
CUST-00474,City_53,Salaried,28.0,6520.7,26949.87,,Morocco,1
CUST-00475,City_66,Unemployed,40.0,5990.55,38900.54,656.0,Morocco,0
CUST-00476,City_71,Self-Employed,29.0,,69587.51,637.0,Morocco,0
CUST-00477,City_1,Salaried,21.0,7757.62,28880.13,,Morocco,1
CUST-00478,City_56,Self-Employed,37.0,800.0,17126.55,696.0,Morocco,0
CUST-00479,City_9,Unemployed,53.0,8120.99,63851.87,709.0,Morocco,0
CUST-00480,City_24,Salaried,57.0,2769.74,54845.94,597.0,Morocco,0
CUST-00481,City_70,Student,37.0,6633.64,32589.63,566.0,Morocco,1
CUST-00482,City_21,Salaried,35.0,6202.08,13356.66,605.0,Morocco,0
CUST-00483,City_67,Self-Employed,59.0,9423.85,30107.53,600.0,Morocco,1
CUST-00484,City_39,Student,53.0,6053.36,43905.91,,Morocco,1
CUST-00485,City_19,Salaried,61.0,4764.65,68313.44,,Morocco,0
CUST-00486,City_28,Unemployed,65.0,5233.49,24268.36,,Morocco,1
CUST-00487,City_45,Salaried,60.0,9682.21,43309.6,764.0,Morocco,1
CUST-00488,City_65,Self-Employed,66.0,7840.74,58502.89,,Morocco,0
CUST-00489,City_51,Self-Employed,40.0,5535.93,1000.0,669.0,Morocco,0
CUST-00490,City_79,Salaried,39.0,5908.88,65675.72,,Morocco,0
CUST-00491,City_73,Salaried,35.0,2582.06,21350.99,,Morocco,1
CUST-00492,City_64,Salaried,,7471.19,51639.91,,Morocco,0
CUST-00493,City_51,Salaried,57.0,2100.46,49933.66,,Morocco,1
CUST-00494,City_24,Salaried,55.0,,66691.73,,Morocco,1
CUST-00495,City_35,Salaried,59.0,6821.55,56018.49,,Morocco,1
CUST-00496,City_10,Salaried,27.0,12467.38,1000.0,533.0,Morocco,0
CUST-00497,City_31,Salaried,44.0,3749.66,29304.42,,Morocco,0
CUST-00498,City_78,Self-Employed,30.0,,47764.1,,Morocco,0
CUST-00499,City_36,Self-Employed,64.0,10995.72,41100.4,,Morocco,0
CUST-00500,City_9,Self-Employed,32.0,9478.47,54552.21,,Morocco,1
CUST-00501,City_55,Salaried,26.0,4759.47,60787.33,,Morocco,0
CUST-00502,City_81,Unemployed,48.0,7059.92,57169.03,691.0,Morocco,1
CUST-00503,City_73,Self-Employed,63.0,6505.0,40714.5,772.0,Morocco,1
CUST-00504,City_23,Salaried,65.0,7204.89,8073.26,,Morocco,1
CUST-00505,City_38,Salaried,,4753.3,35890.38,,Morocco,0
CUST-00506,City_45,Self-Employed,35.0,6276.7,53327.36,,Morocco,0
CUST-00507,City_21,Salaried,26.0,2504.87,23191.05,,Morocco,0
CUST-00508,City_22,Salaried,34.0,6837.81,57625.49,564.0,Morocco,1
CUST-00509,City_20,Student,46.0,7625.05,63167.87,,Morocco,1
CUST-00510,City_84,Salaried,33.0,5931.45,47537.34,659.0,Morocco,1
CUST-00511,City_63,Salaried,22.0,2462.37,1000.0,,Morocco,1
CUST-00512,City_71,Student,,8971.33,19438.23,,Morocco,1
CUST-00513,City_69,Self-Employed,,7411.31,82723.78,,Morocco,1
CUST-00514,City_81,Salaried,30.0,,34069.24,,Morocco,1
CUST-00515,City_8,Unemployed,19.0,5798.5,5317.14,682.0,Morocco,0
CUST-00516,City_74,Unemployed,23.0,2748.33,69704.95,,Morocco,0
CUST-00517,City_5,Salaried,41.0,3936.47,45267.11,722.0,Morocco,0
CUST-00518,City_40,Self-Employed,62.0,5155.47,67098.81,710.0,Morocco,1
CUST-00519,City_50,Salaried,58.0,9571.05,50539.17,,Morocco,1
CUST-00520,City_30,Salaried,24.0,4901.24,54171.18,,Morocco,0
CUST-00521,City_12,Self-Employed,20.0,8100.53,52260.18,,Morocco,1
CUST-00522,City_16,Salaried,36.0,5154.21,58949.77,,Morocco,1
CUST-00523,City_70,Self-Employed,52.0,7119.87,90548.61,661.0,Morocco,1
CUST-00524,City_27,Unemployed,57.0,6146.51,64420.13,,Morocco,0
CUST-00525,City_26,Salaried,60.0,,13393.21,623.0,Morocco,1
CUST-00526,City_78,Self-Employed,,5162.97,53933.23,,Morocco,1
CUST-00527,City_12,Salaried,27.0,2568.68,67829.62,,Morocco,1
CUST-00528,City_77,Unemployed,20.0,3045.13,69054.02,642.0,Morocco,0
CUST-00529,City_78,Salaried,26.0,5170.31,36467.9,,Morocco,1
CUST-00530,City_50,Self-Employed,22.0,3377.35,68298.89,597.0,Morocco,0
CUST-00531,City_14,Self-Employed,62.0,7525.53,63554.85,,Morocco,1
CUST-00532,City_13,Salaried,32.0,5335.58,96450.35,728.0,Morocco,1
CUST-00533,City_24,Self-Employed,60.0,12436.52,29999.97,656.0,Morocco,1
CUST-00534,City_49,Self-Employed,47.0,2155.71,34851.99,581.0,Morocco,1
CUST-00535,City_13,Self-Employed,46.0,7009.08,38877.62,,Morocco,1
CUST-00536,City_38,Self-Employed,42.0,3680.12,35195.56,605.0,Morocco,0
CUST-00537,City_9,Student,60.0,5266.5,27199.59,,Morocco,1
CUST-00538,City_45,Salaried,21.0,6853.55,1000.0,732.0,Morocco,0
CUST-00539,City_1,Salaried,23.0,800.0,36306.01,,Morocco,0
CUST-00540,City_60,Salaried,,7092.07,52387.16,,Morocco,0
CUST-00541,City_4,Self-Employed,39.0,11257.27,35135.56,,Morocco,1
CUST-00542,City_16,Salaried,,5366.4,83707.62,,Morocco,0
CUST-00543,City_14,Salaried,,7149.52,45267.52,,Morocco,1
CUST-00544,City_70,Salaried,48.0,9062.3,70820.58,554.0,Morocco,1
CUST-00545,City_4,Unemployed,32.0,6090.12,50228.41,,Morocco,0
CUST-00546,City_36,Salaried,35.0,5047.6,61528.15,611.0,Morocco,1
CUST-00547,City_50,Self-Employed,57.0,810.66,50584.83,,Morocco,0
CUST-00548,City_43,Salaried,29.0,8102.48,72375.69,650.0,Morocco,1
CUST-00549,City_57,Student,44.0,6217.08,46118.79,471.0,Morocco,1
CUST-00550,City_68,Salaried,46.0,3968.29,54922.41,,Morocco,0
CUST-00551,City_33,Salaried,57.0,6816.49,52326.66,806.0,Morocco,1
CUST-00552,City_70,Unemployed,55.0,,39234.29,776.0,Morocco,0
CUST-00553,City_27,Student,42.0,5178.93,53099.65,796.0,Morocco,0
CUST-00554,City_83,Salaried,34.0,8015.73,89687.72,,Morocco,1
CUST-00555,City_42,Salaried,37.0,3154.04,39592.06,,Morocco,1
CUST-00556,City_62,Self-Employed,39.0,9118.29,53389.3,592.0,Morocco,1
CUST-00557,City_74,Unemployed,30.0,3005.78,70155.58,,Morocco,0
CUST-00558,City_67,Salaried,50.0,4843.25,67805.07,548.0,Morocco,1
CUST-00559,City_72,Salaried,,11307.37,45234.33,,Morocco,1
CUST-00560,City_45,Self-Employed,52.0,9318.39,1000.0,596.0,Morocco,1
CUST-00561,City_3,Self-Employed,57.0,6744.01,55334.06,,Morocco,0
CUST-00562,City_41,Self-Employed,68.0,4148.67,1000.0,,Morocco,0
CUST-00563,City_15,Self-Employed,25.0,5176.82,74398.74,672.0,Morocco,1
CUST-00564,City_75,Salaried,57.0,6683.19,48389.48,542.0,Morocco,1
CUST-00565,City_20,Student,23.0,6593.81,64993.48,625.0,Morocco,0
CUST-00566,City_19,Unemployed,36.0,6272.82,26957.78,590.0,Morocco,1
CUST-00567,City_21,Self-Employed,27.0,6422.92,13949.85,,Morocco,1
CUST-00568,City_54,Salaried,27.0,5964.06,50215.09,,Morocco,1
CUST-00569,City_48,Salaried,27.0,,44327.93,,Morocco,0
CUST-00570,City_80,Self-Employed,,5208.72,35169.18,,Morocco,1
CUST-00571,City_35,Salaried,60.0,8786.56,46693.23,,Morocco,1
CUST-00572,City_23,Student,22.0,3079.16,100348.72,509.0,Morocco,0
CUST-00573,City_4,Salaried,39.0,6026.11,61690.51,,Morocco,0
CUST-00574,City_0,Self-Employed,54.0,4450.62,65989.97,,Morocco,1
CUST-00575,City_31,Unemployed,69.0,6778.38,61878.74,,Morocco,1
CUST-00576,City_78,Salaried,62.0,,74589.24,,Morocco,1
CUST-00577,City_44,Salaried,25.0,10193.48,41198.57,,Morocco,1
CUST-00578,City_75,Self-Employed,69.0,7766.46,3904.77,652.0,Morocco,0
CUST-00579,City_8,Self-Employed,52.0,3220.49,41228.28,,Morocco,0
CUST-00580,City_7,Salaried,28.0,8178.07,61234.71,,Morocco,1
CUST-00581,City_70,Self-Employed,41.0,4563.37,25603.99,668.0,Morocco,1
CUST-00582,City_9,Student,65.0,5057.51,41472.68,,Morocco,1
CUST-00583,City_4,Salaried,,7284.55,31164.61,684.0,Morocco,1
CUST-00584,City_34,Salaried,28.0,5270.63,75040.59,,Morocco,1
CUST-00585,City_78,Salaried,63.0,8732.14,59989.14,,Morocco,1
CUST-00586,City_58,Salaried,67.0,4563.72,58030.81,,Morocco,0
CUST-00587,City_8,Salaried,68.0,4952.63,57432.03,710.0,Morocco,0
CUST-00588,City_71,Salaried,67.0,4859.07,44255.01,,Morocco,1
CUST-00589,City_71,Self-Employed,63.0,5085.9,48951.13,,Morocco,1
CUST-00590,City_68,Salaried,42.0,9247.98,21296.31,,Morocco,1
CUST-00591,City_76,Student,28.0,8071.99,1271.16,569.0,Morocco,1
CUST-00592,City_20,Salaried,50.0,10774.86,48001.62,692.0,Morocco,1
CUST-00593,City_83,Salaried,30.0,12169.11,51479.81,,Morocco,0
CUST-00594,City_27,Self-Employed,43.0,3923.21,69185.29,665.0,Morocco,0
CUST-00595,City_68,Unemployed,52.0,6676.05,76426.72,806.0,Morocco,1
CUST-00596,City_49,Salaried,67.0,3559.5,76399.97,,Morocco,0
CUST-00597,City_66,Salaried,33.0,4555.99,25039.53,,Morocco,1
CUST-00598,City_53,Salaried,31.0,4924.79,37954.7,,Morocco,0
CUST-00599,City_54,Salaried,56.0,3857.11,54606.69,591.0,Morocco,1
CUST-00446,City_26,Salaried,48.0,7220.55,60807.87,599.0,Morocco,1
CUST-00404,City_42,Salaried,42.0,8324.29,30232.47,,Morocco,1
CUST-00509,City_20,Student,46.0,7625.05,63167.87,,Morocco,1
CUST-00455,City_47,Salaried,53.0,,15288.76,717.0,Morocco,0
CUST-00201,City_77,Unemployed,,7442.37,54701.88,,Morocco,1
CUST-00023,City_78,Salaried,,7413.41,13159.74,,Morocco,1
CUST-00415,City_57,Salaried,38.0,7364.32,37531.82,569.0,Morocco,1
CUST-00548,City_43,Salaried,29.0,8102.48,72375.69,650.0,Morocco,1
CUST-00066,City_76,Self-Employed,24.0,5126.12,59945.44,,Morocco,1
CUST-00165,City_69,Self-Employed,56.0,8355.07,59648.56,,Morocco,0
CUST-00334,City_39,Salaried,41.0,8279.94,8837.12,681.0,Morocco,1
CUST-00329,City_47,Unemployed,35.0,3820.75,61375.28,,Morocco,1
CUST-00000,City_7,Self-Employed,21.0,,23962.25,,Morocco,0
CUST-00531,City_14,Self-Employed,62.0,7525.53,63554.85,,Morocco,1
CUST-00232,City_1,Salaried,23.0,8006.63,51076.75,,Morocco,0
